Name,Group,1-Amino-2-propanol,Ethanolamine,Propylene glycol,Phenol,.alpha.-Monomyristin,1-Monopalmitin,Glyceryl Monostearate,2-Monopalmitin,Phytol,Alanine,Hexadecane,Tetracosane,Sinigrin,Glycine,L-3-Cyanoalanine,Sarcosine,L-Pyroglutamic Acid,Glycolate,Lactate,Lactic acid,Asparagine,D-Asparagine,L-Asparagine,3-Hydroxyaspartic Acid,Aspartate,Benzyl alcohol,beta-Alanine,3-Hydroxypropanoate,Malate,Malic acid,(+)-Catechin,beta-D-Fructose,(-)-Quebrachitol,D-2-Aminobutyric acid,D-Xylonolactone,Dehydroabietic acid,Lactitol,Maltitol,Palatinit,1-Dodecanol,1-Octanol,4-Aminobutanoate,Dehydroascorbate,Glutamate,Glycerophosphoric acid,Harmaline,6-Deoxyglucitol,D-Galactosamine,D-Galactose,Galactose+Glucose,L-Rhamnose,L-Histidine,Hydroxylamine,2-Hydroxypentanoic acid,2-Isopropylmalic acid,Citramalate,Guanine,L-Isoleucine,2-Amino-3-hydroxybutanoic acid,DL-Homoserine,L-Homoserine,L-Threonine,Threonine,Linoleate,Linoleic acid,9-octadecenoic acid,Heptadecanoic acid,Hexadecanoic acid,Icosanoic acid,Decanoic acid,Nonanoic acid,Octanoic acid,D-Mannonate,Hexonic acid,L-Methionine,Methionine,2-Methylsuccinic acid,Butylamine,Methylamine,Diglycerol,"1,6-Anhydro-beta-D-glucose",Erythrulose,L-Sorbinose,Psicose+Tagatose,Sorbose,44178 Mz116 With Formonetin Contamination Ions,Pyridin-4-olate,Phosphoric Acid,alpha-D-Galactosyl-(1->3)-1D-myo-inositol,Maltose,Melibiose,Sucrose,Cytidylyl-(3'-5')-Cytidylyl-(3'-5')-Adenosine,D-Ribose,L-Xylose,Phenylalanine,L-Proline,Adenosine,"2,5-Dihydroxypyrazine",2-Hydroxypyridine,UDP-glucuronate,Uracil,2-Deoxyerythritol,5-Deoxyribitol,Pantothenic Acid,L-Serine,2-Hydroxyglutaric acid,Oxalacetic acid+Pyruvate,beta-Sitosterol,Stigmasterol,3-Phosphoglycerate,D-Glyceric Acid,D-Threonate,D-Threonic Acid,Glyceric acid,L-Threonate,D-Arabitol,Erythrite,L-Iditol,Pentitol,Ribitol,Isocitric acid+Citric acid,Squalene,Urea,Docosenoic acid,"2,6-ditert.butylphenol nist","3,6,9-trioxa-2,10-disilaundecane, 2,2,10,10-tetramethyl-",azelaic acid,"disiloxane, 1,3-bis(chloromethyl)-1,1,3,3-tetramethyl-",phthalate ester
g1-5L,GL,1046617.089,419616.4533,1495039.815,1032188.516,526821.443,25774012.98,3432027.595,1809346.752,216513.4923,46488386.22,3910857.923,2083056.601,24336.70582,389281.0445,459548.2525,98218069.82,1706443.319,1110129.971,19147641.06,1874770.151,33763883.49,1959509.276,992668.7741,2355628.164,5552222.535,426991.4762,670284.1863,707457.8007,80072753,771009.2001,229901.0797,8899288.767,812776.9128,220881.9512,1431393.635,38630.87755,265760.0828,1139242.649,212816.0484,481416.4506,2358649.418,2327534.841,223044.4052,479822.7595,940838.6153,106100791.8,1826668.017,1120529.505,2046539.964,104411687.5,9370064.883,23452265.58,1428840.646,18141.44798,378115.8162,1214878.17,6286.978208,3501491.155,1592180.832,376000.8287,282774.5563,36311.03039,999310.4923,9137399.872,26956.35509,408590.4092,880444.0758,174841736.3,1014822.854,81179.06611,526406.2732,666637.4959,126060886.7,21454275.64,1113289.606,3654854.765,319815.6056,131509.4151,146251491,4848555.517,3596915.711,53861.87624,4809091.721,267558043.8,306294279.8,2376813.939,1569909.326,10860291.63,197024.0015,421552.5005,213893.5632,237589.369,1155710.576,11644647.85,4858638.268,641990.5172,2864218.446,300336.2673,129940.3969,66208288.17,2091950.268,714409.3007,47286961.76,48858.8174,24905269.25,10467916.9,16978.20583,169919.9625,7489259.514,284984.4621,590487.8729,286978.4795,3771381.944,471991.9905,656596.2573,469497.7891,15097817.83,3418654.186,13480750.5,5906221.987,1784790.66,3258113.02,46679.99749,2189577.564,60329.37331,67724794.59,407127.1716,214904.4233,54390337.3,10024766.22
g2-3L,GL,456163.8941,398313.6106,1104686.2,781985.6333,521831.6635,27382826.09,4126540.643,2087781.664,75311.8431,16816493.38,6076531.191,1741006.616,18771.26654,407522.0227,126427.9773,88282646.5,936107.0888,1131443.289,24219451.8,1794671.078,7487754.253,1713504.726,232429.3951,431809.8299,1588298.677,221916.4461,127286.673,1094345.936,96322495.27,612040.2647,14968.65784,8994507.561,418076.5595,100713.4216,475870.5104,30757.65595,274474.5747,1299476.371,384025.4253,309284.31,803265.7845,672962.0038,211617.2968,177832.5142,224431.0019,136985727.8,2016719.282,1035236.295,2646376.181,111844234.4,12993015.12,23139650.28,419074.0076,16175.05671,322781.9471,1011376.181,5576.26465,1159548.204,1254243.856,498799.9055,60431.92817,45752.01323,501097.3535,8037816.635,30832.53308,1348543.478,809876.5595,152054442.3,811790.6427,78804.61248,411985.7278,649149.1493,112582136.1,22282948.96,1318947.07,572847.7316,123780.7183,118647.1645,148049811,3662852.552,8944178.639,51952.68431,5103685.255,288187523.6,263509073.7,2192762.76,1875670.132,7492363.894,201068.0529,89407.70321,251974.3856,94111.13422,1019690.926,10362637.05,3194834.594,264764.8393,1030162.571,235791.2098,112964.2722,69191266.54,2427457.467,690118.1474,43520434.78,60652.36295,4835547.259,3890616.257,23491.76749,132093.8563,7071086.011,322241.2098,101718.7146,88872.26843,4260234.405,398477.3157,677398.9603,216800.6616,10428525.52,3113530.246,14586039.7,5566964.083,2427425.331,7997437.618,72444.79206,2113983.932,48376.70132,51216379.96,287946.8809,256579.4896,56702060.49,7695575.614
g3-5L,GL,516337.7218,200630.0654,692783.1933,735131.3725,452994.1176,25660653.59,3766092.437,1211502.334,94214.56583,10093958.92,3048049.486,1707869.281,12439.18768,380611.9514,116928.0112,90211895.42,888419.9813,1102721.755,22739533.15,1705295.985,1136952.381,1133947.712,208546.1251,401782.0728,2286018.674,177911.3912,103962.2782,908004.2951,101462278.2,544866.1998,99345.00467,4818317.46,239978.5247,40747.34827,357444.9113,27510.22409,62133.20261,729038.6555,153718.4874,288391.1298,570122.6891,777977.8711,342877.3109,295617.7404,959548.0859,50263958.92,1578291.317,511743.0439,1049176.471,90872380.95,413055.8357,24783949.58,414916.7134,10661.0084,240254.3417,320508.6835,3956.036415,1332864.613,387753.8749,517594.3978,18447.81513,31630.12138,347052.1942,7928854.342,33389.79458,195361.8114,736768.254,144596358.5,713248.7395,68430.63492,334824.4631,618325.7703,99399906.63,8503134.454,1252582.633,268556.3025,104488.9823,106254.8086,156953221.3,2258736.695,943396.8254,22995.28478,2235150.327,296738468.7,265613445.4,2184809.524,1896288.515,6953750.7,34976.55462,1082076.564,101239.2157,51910.96172,646914.2857,5928786.181,1842653.595,346311.9514,861753.5014,135769.6545,115991.8768,71111932.77,1072952.381,570812.2316,33486479.93,23483.52941,85172371.62,1890124.183,18695.63025,103837.1615,9067106.443,325997.1989,587676.1905,376900.5602,2434775.91,334204.8553,458548.9262,229924.3697,5928786.181,1588133.52,539990.5696,3422162.465,1066552.754,1105830.065,59156.21849,1835004.669,45014.26704,57003146.59,285743.5107,195646.9655,56443230.63,7354380.952
g4-5L,GL,594763.2502,210375.8079,822713.6657,760991.0434,607182.9178,23673084.03,2830811.634,1775548.476,135990.4894,34015032.32,1620521.699,3332385.042,25319.19668,439784.3952,422783.6565,88855087.72,1167307.479,1129047.091,21190683.29,1625645.429,26299409.05,1590294.552,835169.3444,1715551.247,4251773.777,534492.5208,269112.1884,1067154.201,126505724.8,678166.5743,15214.3121,8903257.618,593158.7258,176339.6122,830425.4848,55141.58818,180173.1302,643559.8338,30091.52355,298812.2807,1385155.125,1515683.287,167160.2955,200364.5429,344117.8209,129711357.3,1542911.357,993200.3693,2734616.805,113540904.9,698839.5199,22820517.08,347176.916,12398.05171,230957.8947,847979.6861,7204.271468,2327651.893,658855.3093,383307.0175,122709.3259,37449.13204,780264.0813,9748005.54,37422.94552,218808.4026,768960.4801,149795106.2,1160589.104,60888.71653,344559.8338,601919.0212,111503970.5,14940821.79,1266653.74,2692653.74,1033084.026,106180.4247,159201385,2797505.078,1631302.862,32426.98061,3845955.679,294442012.9,266460572.5,1983914.127,1881660.203,10770350.88,44843.17636,59384.60757,78318.97507,254152.6316,767788.9197,11052779.32,4628319.483,451008.6796,2108207.756,237594.4598,132580.3324,72342613.11,1661575.254,732126.5005,39762557.71,36946.40813,5841944.598,6365191.136,6760.463527,121008.2179,8935225.3,268738.5042,221424.4691,433210.5263,2467951.985,463840.8126,417468.6057,235460.4801,11126749.77,2501345.337,15213942.75,4292825.485,1662343.49,1229516.159,25282.03139,1689158.818,52247.21145,55392169.9,268117.0822,195057.5254,60788402.59,8392754.386
g5-4L,GL,2402367.232,864667.3258,2722965.16,1048152.542,457215.4426,23235150.66,3563497.175,1999037.665,673993.6911,124530037.7,3632618.644,1771550.847,32001.50659,370560.2637,1425365.348,89533491.57,3595759.887,1269059.322,15517485.88,1565796.61,102113371,2104822.976,3470324.859,6776127.119,18242062.15,502140.113,1884451.977,683745.5744,2366623.352,1006253.296,17341.5725,10807843.69,1915407.721,743536.9115,4239584.746,32158.18267,369369.5857,2666500,509998.4934,776501.9774,5750872.881,8224694.915,360315.4426,500360.452,471873.7288,131209510.4,2839048.964,1260758.945,3058695.857,124938512.2,24000743.88,25440715.63,4475826.742,26424.83051,506042.7495,2498876.648,3344.568738,7750108.286,3236646.893,387769.3974,754400.8475,82267.43879,3001622.411,9163892.655,33040.19774,238913.0885,781411.3936,153280791,889367.9849,108081.1676,574917.2316,634372.4105,115696704.3,24747580.04,1594966.102,10983145.01,333091.9021,151047.646,149497928.4,6841565.913,2465451.977,73194.74576,5226221.281,280209792.8,259247928.4,3725201.507,1962508.475,27780969.87,361326.2712,128459.0395,515617.2316,423268.4557,1451709.04,21000903.95,6003035.782,1526558.38,10704058.38,415589.9247,126590.2072,70174312.62,2861734.463,805785.2166,49334133.71,112398.0226,5402062.147,31743757.06,22104.39736,260050.4708,7661530.132,285783.0508,498923.3522,395454.2373,4711360.64,621646.0452,730077.4953,646745.8569,21000903.95,4884264.595,13872165.73,8952839.925,2861734.463,1896306.968,51691.88324,2110081.921,62205.57439,61272109.23,937541.9962,262193.8795,57409519.77,9972259.887
g6-3L,GL,1051701.993,601091.3043,1679509.058,1140650.362,496102.1739,22010362.32,2589416.667,1523846.014,142496.558,50892336.96,2981417.572,1974250.906,50731.9837,328630.2536,212675,87111168.48,1713260.87,1166491.848,15756856.88,1553430.254,25966739.13,1713224.638,704646.558,1565028.08,7003590.58,346242.8442,473443.0254,593897.2826,152117753.6,869825.4529,1106666.667,12658532.61,1394973.732,243848.1884,2137891.304,32503.5779,273504.8007,1667736.413,61113.70471,518697.1014,3256067.935,2758978.261,299126.9022,1368024.457,2719479.167,124995652.2,2437680.254,1479291.667,2304192.935,113204076.1,1529021.739,20106413.04,354524.6377,16070.80616,469337.2283,1190960.145,16401.20471,4064508.152,1600240.942,298487.8623,250646.1051,29506.47645,1031645.833,3534604.167,17700.78804,110852.0833,693101.8116,143278351.4,734656.7029,90476.56703,531578.1703,369043.1159,106622373.2,25925335.14,1518791.667,974430.2536,218096.3768,123753.1703,139000362.3,6327033.514,3639175.725,67279.97283,6331514.493,286413768.1,244550000,2413672.101,1775024.457,11245579.71,285263.3152,937168.4783,147395.0181,242111.5036,1051280.797,15447527.17,4664637.681,654073.279,2955067.029,340123.8225,135100.6341,66835806.16,1492485.507,841574.3659,45437789.86,67722.55435,4272521.739,7899618.659,18843.98551,125595.2899,5406503.623,242915.0362,1593687.5,74707.47283,4841586.957,820743.2065,486935.1449,743913.9493,15518079.71,3346431.159,12785063.41,6722724.638,1492485.507,3727001.812,53903.87681,1848775.362,52734.47464,59922780.8,268451.3587,190495.7428,55019139.49,10049864.13
g1-5W,GW,578032.5751,190695.3594,2200001.82,1057914.468,604073.7034,26605350.32,3226124.659,2185563.239,73054.86806,27698070.97,1885398.544,3243719.745,81672.70246,348199.909,256046.9518,86880200.18,1346065.514,1688288.444,18741637.85,1590614.195,24650318.47,1564792.539,557864.1492,1690406.733,9015892.63,457773.0664,96923.20291,824192.7207,172214649.7,995818.9263,1006159.236,13705623.29,924574.1583,60161.77434,928329.3904,39129.85441,447779.8908,1286773.43,125855.96,374193.9945,2432613.285,949581.4377,443401.3649,653987.1702,3507176.524,125478525.9,2042691.538,1441079.163,1228728.844,119071294.2,11290200.18,21894458.6,329651.4104,26628.9263,405495.2684,1031848.954,29866.83348,2351451.319,629224.3858,548502.0928,39202.64786,31630.75523,880655.323,3768080.073,13904.01274,110777.0701,721580.8917,145890991.8,1148698.817,72858.18016,507819.7452,318242.3112,107449954.5,23948826.21,1573173.794,724227.0246,265955.596,106317.7434,146068516.8,6580723.385,4505885.35,45633.01183,6510190.173,290490900.8,245639581.4,2959707.916,1821067.334,12934840.76,187036.6697,184407.0064,149785.9873,718265.0591,1272969.973,19388080.07,138110009.1,646002.7298,1092224.75,489506.7334,143343.949,68874931.76,2876063.694,656638.2166,44032083.71,104363.1483,83399972.7,4188308.462,23407.8162,218062.7843,4715477.707,263091.5378,2493957.234,476713.5578,7714370.337,1149820.746,489829.2994,1224361.237,19388080.07,4906973.612,18152884.44,7215484.986,2885000.91,5260213.831,29328.73521,1688373.976,62477.7889,68181665.15,267849.3176,190845.2229,61036751.59,9581646.952
g2-3W,GW,399847.3198,336570.3327,2216064.695,1175064.695,471016.1738,24299667.28,3208390.018,1780829.945,103240.1109,20293003.7,5009675.601,1840029.575,39639.13124,299812.7542,14699.28835,88300434.38,1449246.765,1369802.218,13532051.76,1358322.551,15732107.21,1434726.433,401706.0074,1077751.386,3952229.205,906852.0333,76089.37153,590093.4381,153031423.3,798107.3013,476715.9889,10812560.07,869797.2274,50647.46765,1340575.786,22527.56007,352878.281,1582785.582,559612.1996,690087.2458,2298257.856,632354.0665,367450.4621,282239.3715,272860.9982,130366543.4,2508792.052,1381378.928,1490520.333,110163586,16159029.57,24232338.26,289456.0998,66321.87616,415020.1479,1083573.937,7872.360444,2177948.244,884925.4159,418602.8651,28648.97412,36059.32532,732702.3105,3792468.577,20054.87985,132210.9982,688070.7948,146251386.3,666338.4473,89746.26617,522284.2884,325447.9667,117381700.6,25891534.2,1435934.381,521809.0573,400028.9279,117764.8799,125074491.7,4237540.665,4556008.318,38604.86137,5776093.346,286352772.6,257457301.3,2806401.109,1524516.636,9986340.111,255806.2847,22486.17375,353782.0702,297411.4603,1489256.007,18724001.85,4445631.238,484458.5952,1489719.039,469921.9963,109984.9353,56359963.03,4826339.187,623533.9187,42974177.45,15708.42884,5212990.758,3427073.937,23848.06839,155451.756,5057269.871,238783.6414,277842.5139,422363.4011,12776016.64,770876.2477,566947.9667,1666797.597,18724001.85,4629921.442,13345693.16,6989352.126,4851286.506,5886854.898,44937.53235,1682490.758,46790.46211,57978401.11,265541.0351,184223.1054,56006016.64,9627670.98
g3-5W,GW,688228.924,151252.5173,1406915.104,695968.7068,675161.2043,24618687.07,3051709.773,1774840.079,109804.6397,12726308,1761527.147,3505286.278,47050.40474,368821.0267,112872.7542,95632645.61,926406.4166,2181683.119,19454086.87,1791138.203,1095298.124,3552408.687,148333.6624,362701.5795,1798153.998,626473.2478,53754.23495,1079815.4,136993780.8,606798.0257,74427.67029,9691443.238,320396.5449,39582.49753,547387.5617,46388.3613,230763.2774,693984.9951,160407.7986,348337.6111,679783.7117,583401.7769,217474.7285,271294.2744,316763.5735,139463968.4,1849064.166,1115014.808,1701348.47,107178677.2,613232.7739,25146554.79,370234.3534,8994.117473,202996.15,491308.4896,2921.127345,884869.1017,524459.1313,451960.3159,16077.84798,37015.79467,461437.4136,8174403.751,33005.38993,228300.7897,846569.003,159404935.8,1043087.858,91350.81935,417389.9309,477872.2606,128378677.2,12198756.17,1340865.745,933280.1579,226790.8193,108486.0809,163424481.7,2766448.174,2126214.215,37365.49852,4358860.809,316258539,288384205.3,3275688.055,2044757.157,9950582.428,106091.6091,647363.2774,97778.11451,254473.4452,853953.7019,8738285.291,2502731.491,257232.5765,835034.4521,274329.3189,122170.385,76692063.18,2244071.076,684647.384,42571184.6,68170.56269,3539723.593,2393140.178,25196.25864,272991.8065,8118952.616,327366.9299,239356.7621,656756.4659,5538499.506,391186.9694,649117.078,699549.0622,8765146.101,2820955.577,16529723.59,4429609.082,2239123.396,1985404.738,32086.40671,1931902.27,56173.72162,60829141.16,298848.5686,166040.5726,63804037.51,8068359.329
g4-5W,GW,295475.164,128397.1884,791404.686,663695.314,550542.1743,21341340.21,2264218.369,1531444.236,37574.6298,13623786.32,7044837.863,3058377.694,30089.14714,316393.627,105879.5689,90841452.67,988009.3721,361031.3964,14594667.29,1354971.884,6528288.66,938505.1546,278401.0309,684924.4611,1680791.94,408003.4677,44135.64199,797337.3946,143750328,482433.3646,159900.656,6068759.138,352669.9157,42148.80975,290362.8866,38003.50515,156988.7535,344201.3121,78025.66073,462207.7788,693352.671,387782.0056,131809.5595,133735.895,144883.224,128521930.6,6963151.828,734257.0759,767752.9522,102348266.2,369436.7385,24540234.3,359563.2615,11978.48172,213482.8491,459456.7948,12956.99157,809505.9044,314273.0084,335730.8341,17034.36739,30258.91284,386001.1246,2857345.829,20583.93627,125453.8894,675237.6757,148058950.3,875318.9316,60070.65604,314017.9944,268429.8032,120233177.1,9642127.46,1070516.401,523110.4967,181820.806,91236.20431,150317713.2,1567275.539,1258646.673,11933.76757,3010614.808,303317806.9,273118931.6,1616518.276,1814926.898,12175089.03,46178.23805,8964.164948,55281.89316,235368.9784,583468.9784,7066521.087,1737442.362,257311.9025,943295.2202,222545.7357,91220.62793,70809606.37,1583625.117,515185.3796,33705398.31,31788.97844,3933431.115,1647331.771,11755.79194,171301.3121,6667119.963,218523.149,188183.9738,64029.97188,2226691.659,518630.6467,740613.7769,343704.8735,7066521.087,2001016.87,17270440.49,2802182.755,1583625.117,767359.2315,21315.02343,1440869.728,44783.01781,52759287.72,243785.1921,143645.2671,61616551.08,7535425.492
g5-4W,GW,491403.268,233591.0675,2091586.057,1330844.227,615310.5664,26031525.05,2769413.943,1777264.706,76520.41394,27724161.22,11517124.18,2608818.083,50698.08279,368690.9586,257656.3181,107260468.4,2049575.163,1877464.052,21599400.87,1710340.959,24214466.23,24206383.44,791400.4357,1575412.854,5632178.649,624787.037,89396.37255,822225.2723,187829085,912905.7734,88288.64924,13548703.7,783321.8954,64288.98693,765085.0763,33807.83224,298162.0915,1125406.318,289855.5556,807222.1133,2672779.956,1009823.856,341323.8562,328618.7364,252776.3617,96968431.37,3348498.911,1621782.135,1327620.915,4099054.466,815503.268,27376699.35,425928.1046,29255.62092,405151.8519,909525.1634,8560.279956,2334749.455,595917.6471,474077.9956,31590.65359,33508.31155,1046436.166,3565563.181,19243.19172,144073.4205,815088.5621,173246187.4,874213.3987,99595.44662,599674.0741,318355.2288,142520697.2,22090196.08,1548652.505,1734016.34,286614.7059,128370.0436,168504030.5,3405447.712,4226762.527,45322.29847,6513189.542,345667647.1,311480392.2,2839090.414,2084535.948,11774662.31,109335.6209,20114.38998,187858.9325,249194.7712,1214525.054,16121928.1,4828786.492,616951.4161,2283849.673,470792.4837,121736.0566,78833322.44,3871161.22,661087.4728,46698856.21,68160.77342,2332295.207,5024090.414,17182.8976,338565.1416,5652947.712,278561.8736,245443.0283,303735.4031,5671090.414,900369.281,803348.2571,776404.6841,16121928.1,3448742.919,16811971.68,5596459.695,3871161.22,3874635.076,43139.90196,1960947.712,53297.95207,75950588.24,314223.4205,150226.1438,68741263.62,13187516.34
g6-3W,GW,291777.4163,171389.1866,1119341.627,692030.7177,422103.445,21709205.74,2412991.388,1298956.938,62752.44019,19745569.38,1491036.364,1777194.258,32774.30622,328213.6842,69013.33971,95110306.22,766817.512,1301552.153,15592019.14,1458733.971,3139871.77,918984.689,133661.6268,266597.3206,1846806.699,337737.0335,60489.09091,886027.5598,157538660.3,664763.9234,75095.32057,7849906.22,453407.3684,34465.05263,437039.5215,22532.97608,176545.5502,592015.6938,97548.13397,197502.488,922385.8373,525338.5646,184785.1675,223551.4833,172910.5263,130513301.4,1399266.029,985286.1244,557888.8995,115391618.9,501414.3541,24705186.6,404443.6364,8664.554067,205091.3876,529094.7368,8615.74067,885013.4928,390955.2153,470997.3206,24832.88995,33522.27751,412551.0048,2901615.311,15712.16268,114949.2823,664600.0957,150413875.6,605559.6172,51974.36364,323967.5598,263624.2105,114399330.1,7007809.569,1305281.34,569373.7799,236264.3062,103581.9139,154534736.8,2197809.569,1758669.856,22641.91388,3839982.775,309813875.6,279878947.4,2410977.033,1894721.531,8975222.01,60202.86124,56885.4067,64943.30144,169000.6699,591284.4976,11836583.73,2045521.531,231803.445,687343.9234,254880.3828,126504.5933,72813291.87,983822.9665,698098.8517,37820009.57,7865.025837,2394091.866,2344017.225,13929.68421,162115.0239,5420997.129,233581.8182,131384.7847,324363.5407,3580737.799,729832.6316,365112.3445,704926.5072,11836583.73,2197083.254,16874401.91,3264420.096,978214.3541,1301809.569,37950.31579,1640224.88,38913.8756,61178717.7,278982.488,111645.3589,59434775.12,6896715.789
r1-7L,RL,605132.9457,143807.655,978754.845,868612.5,576442.4419,29085968.99,3199716.085,1722988.372,171822.5775,10765096.9,1951242.248,2209804.264,25878.35271,323933.0426,232924.3217,97981395.35,1231778.101,1368495.155,20390968.99,1664578.488,32230949.61,1516265.504,859183.0426,2200750,7000991.279,240574.6124,113570.8333,880615.5039,134468798.4,792577.6163,788640.3101,8301955.426,794889.3411,73048.98256,817659.3023,26163.75,257626.3566,1382658.915,1388269.38,370871.8023,1063545.543,1523232.558,192361.1434,683035.0775,210131.4922,138577422.5,1733162.791,886978.4884,2009709.302,126760271.3,20247480.62,24000717.05,434747.6744,359086.4341,182949.031,361224.5155,9870.116279,2334045.543,545066.7636,617198.5465,16526.93798,29326.50194,820271.8992,2587866.279,15765.30039,144529.3605,783410.6589,156291279.1,754881.686,68032.80039,528121.0271,298334.8837,125344282.9,25289195.74,1347192.829,339744.3798,239366.9574,106142.4419,157546899.2,4381636.628,2486479.651,79640.42636,3978823.643,307221124,278785949.6,2425650.194,1949490.31,10565067.83,201126.4535,71855.36822,554039.6318,190314.8256,788246.8992,5523427.326,133202907,403120.2519,1817695.736,233622.093,125065.1163,74635939.92,1882991.279,505378.3915,37889970.93,44799.06977,6544677.326,3438784.884,23650.88178,142303.4884,7083628.876,254753.9729,142952.907,79101.68605,2950795.543,475271.8992,416056.2984,449644.8643,5523427.326,2543486.434,16066085.27,4363973.837,1883524.225,2535383.721,47785.73643,1756863.372,60013.4593,63562267.44,285070.2519,287868.7984,60776482.56,10852228.68
r2-7L,RL,353663.9234,122147.0813,664790.622,628697.0335,652358.2775,24736794.26,2256591.388,1685665.072,82385.38756,5461277.512,1335369.378,3157013.397,21476.09569,323861.0526,121040.7656,95881339.71,1028901.435,1221508.134,15518937.8,1470641.148,11551751.2,819958.0861,371541.9139,1055479.426,10742775.12,144548.3254,91509.71292,838634.9282,183562512.8,710353.8756,31434.55502,5147055.502,443013.2057,36171.7799,167493.6842,24907.21531,138270.622,486370.2392,995254.5455,220929.1866,399190.4306,1560979.904,151032.2488,1112886.124,161724.3062,137492248.8,1773205.742,599796.8421,985272.7273,104022966.5,12173454.55,25157626.79,349491.4833,200896.2679,167924.689,297333.5885,21420.03828,1040130.144,355864.0191,289538.4689,7606.362679,29585.59809,403447.177,2955962.679,15756.73684,120019.7129,772514.6411,157431674.6,892116.0766,61389.7799,296946.2201,259184.4976,132150526.3,16915023.92,1337837.321,185227.7512,183535.2153,94858.40191,149419330.1,2916246.89,1639084.211,22821.67464,2529845.933,307767655.5,278077799,1965970.335,1738856.459,8824511.962,197776.8421,61802.49761,235915.9809,175601.6268,502805.1675,4530180.861,1661033.493,201343.5407,1080449.761,73210.58373,131674.9282,68378478.47,1836904.306,491386.0287,32034535.89,28341.32057,8819029.665,1739888.038,23736.84211,94606.82297,6222292.823,287509.5694,99759.52153,493201.8182,2508889.952,794126.2201,389964.0191,729256.3636,6192078.284,2116645.933,17455521.53,2845522.488,1837890.909,1929086.124,22414.07656,1637370.335,58360.41148,59012478.47,250649.8565,121898.1818,60051167.46,7848831.579
r3-2L,RL,602174.7843,130342.0901,982060.4027,844928.8591,488110.2589,19488628.95,2294872.483,1386588.686,26570.92042,11922799.62,6454511.026,2689012.464,26309.67402,273005.9444,13548.22627,92933106.42,2360620.326,1289132.311,15067526.37,1384434.324,25841744.97,1508429.53,747373.1544,1979405.561,15814170.66,275903.4516,166571.3327,837503.931,182621476.5,519426.4621,934318.2167,11631802.49,1006846.596,54325.3116,60207.7373,35945.17737,199596.3567,1291650.048,167805.8485,545996.9319,1064054.65,2968895.494,134505.5609,1368721.956,201502.9722,135145541.7,2194174.497,1316572.387,4805475.551,128551773.7,875346.9799,23347881.11,197824.257,478392.6174,171206.1361,518367.7852,7626.770853,3339728.667,574683.5091,574640.3643,11622.61745,29570.14382,772466.3471,2254693.193,13537.16203,100118.1208,703221.7641,152071812.1,1125154.362,68654.41994,363227.8044,236545.8293,118713710.5,23330613.61,1222989.453,734274.5925,172195.3979,97218.79195,155896452.5,3842339.406,2098799.616,59110.05753,4819376.798,307266347.1,273925886.9,1712956.855,2383789.07,9709290.508,88541.70662,65600.88207,226472.5791,188425.6951,772343.5283,9734324.065,130529146.7,445658.1016,1921350.911,45483.3557,103296.069,78904717.16,1678162.991,433264.1419,35437842.76,19046.97028,7227218.6,3809129.434,26327.1908,76883.98849,5062311.601,220535.7622,92370.51774,498576.3183,3076893.576,908491.0834,581648.8015,468629.6261,9734324.065,3144017.258,15049501.44,4378729.626,1670872.483,3121930.01,20871.94631,1763114.094,52617.98658,35607516.78,265536.8169,106366.6347,60668235.86,8582603.068
r4-7L,RL,801732.2547,278292.6931,843557.2025,1103271.399,315380.167,19009770.35,3534560.543,1663218.163,30455.66806,9497242.171,1257121.086,2251965.553,22842.55741,623272.8601,149671.9207,121010229.6,2393075.157,1247094.99,23641430.06,2305383.09,29457087.68,1429009.395,1263604.384,499117.119,12599686.85,496800.6263,162963.6743,928624.8434,184503549.1,648398.3299,452962.1086,7420851.775,798787.8914,76899.34238,69455.04175,33808.92484,246558.977,1812442.589,911463.7787,277831.6284,1081500,2365667.015,358515.3445,1358826.722,198049.4781,142276200.4,1595840.292,1131707.724,138536.952,122514405,13123006.26,30242640.92,1468551.148,595171.9207,154462.6305,475136.3257,13714.35282,2952013.57,707014.5094,297176.4092,12743.98747,23877.23382,832171.3987,2575998.956,10322.88309,312753.7578,536127.6618,155851670.1,895767.0146,65261.48225,499431.2109,568332.881,141428914.4,70611.95198,1327118.998,453565.2401,962062.2129,146708.142,166895824.6,3061579.332,1398962.422,58623.49687,3544461.378,364988935.3,377515970.8,3704389.353,3846193.111,13778830.9,151350.5219,468197.3904,928547.4948,141169.833,542221.0856,7106384.134,5509442.589,339485.0731,1483429.019,68143.31942,161445.8246,128726200.4,1042803.862,842487.6827,43187672.23,27594.26931,1023116.284,4497067.85,21748.88309,194391.3361,3812081.42,208874.0084,103238.6013,744945.3027,2725434.238,893180.5846,460987.4739,381334.4468,7173964.509,2580048.017,18688350.73,3038118.998,1042803.862,1145737.996,33266.79541,3598956.159,82979.00835,36932212.94,525051.9833,118294.4676,35758768.27,5276042.797
r5-6L,RL,895385.5032,139617.7285,1044284.395,1038901.2,438031.5789,23747248.38,3079864.266,1608808.864,22464.5337,8001715.605,1563065.559,1874170.822,20705.88181,239587.8116,386414.1274,93555863.34,4488876.27,1957419.206,34631320.41,1837879.04,24934570.64,838844.506,824663.2502,1688745.152,7138309.326,816640.7202,290094.4598,966285.3186,141639335.2,792608.3102,76240.55402,6412345.337,608469.8061,79225.69714,300349.5845,473149.9538,233480.7018,918460.5725,545164.2659,588804.0628,944298.2456,2902170.822,127085.4109,1126345.337,1548437.673,97127700.83,1029211.45,723607.8486,1937430.286,110797229.9,11499215.14,25033887.35,398861.4035,381616.5282,173469.3444,562834.8107,24124.40443,2306745.152,386474.8846,634208.8643,18271.67128,32133.3241,765059.4645,3351847.645,18979.87073,499756.5097,814082.3638,158696214.2,819864.9123,183043.4903,1137203.139,293093.8135,119479593.7,16692520.78,1237831.948,376777.193,222077.193,103522.53,141029916.9,3631688.827,1391204.986,42051.80055,2963060.942,292508587.3,264544229,1923500.462,1719035.088,11426574.33,139931.6713,724598.2456,207426.1311,94268.97507,481308.2179,5210192.059,2845457.987,429372.2068,2646500.462,190177.3777,119894.6445,66411468.14,1432383.195,528625.5771,103588550.3,26488.54109,101809603,2763273.315,31341.99446,84514.21976,9380193.906,330603.7858,1065566.944,241749.2151,2992521.699,825521.7913,518061.2188,568913.0194,5210192.059,1961428.44,16268605.72,3017108.033,1421419.206,1506425.669,105191.9668,5600633.426,60108.05171,63509002.77,1423214.22,111024.0074,55898273.31,11022151.43
r6-6L,RL,1287303.119,174871.7349,2135725.146,1648653.996,491518.3236,24441686.16,3256541.91,1535617.934,617542.7875,20400701.75,2302004.873,1960287.524,43658.58674,229673.1969,575586.0624,99031091.62,3388824.561,1154352.827,17817972.71,1563085.77,79284269.01,1220352.827,2792799.22,5234714.425,9155079.922,435464.9123,556578.8499,792373.0019,55844142.3,1170983.431,52672.50487,11024210.53,1475166.667,140630.8967,3006292.398,31799.23977,346989.8635,1381164.717,2231065.302,622255.0682,2703369.396,7009030.214,405007.4074,1405323.587,1631213.45,98512670.57,2742898.635,1468216.374,1565446.394,124197660.8,30164249.51,23584064.33,376317.0565,767338.3041,521989.0838,339775.4386,30936.52047,3105477.583,228769.7856,333113.1579,62369.34698,31983.71345,1494473.684,3330820.663,21564.15205,118922.0273,713722.0273,151523196.9,789454.7758,104219.883,638482.2612,280842.9825,121455555.6,26603050.68,1620126.706,1126316.764,350776.1209,113578.3626,147740155.9,7493105.263,5812174.464,156681.8713,6077326.511,302791130.6,272874463.9,3366849.903,1905345.029,24784795.32,522374.5614,596410.2339,873825.8285,318267.154,877641.9103,11598489.28,4669766.082,603650.7797,3752599.415,185981.0916,143047.271,70767982.46,2415207.602,649931.1891,47662261.21,80369.37622,10157826.51,9128003.899,11860.91618,108149.4152,9721331.384,256345.9064,1161864.522,70543.44055,4176908.382,344513.9376,679057.3099,207352.4366,11598489.28,2913537.037,14386530.21,5823527.29,2415207.602,5182444.444,48279.95127,1948077.973,64819.34698,66723304.09,292544.347,130664.0351,58339551.66,8992079.922
r1-7W,RW,873862.963,184603.5979,2526670.899,1447510.053,607945.291,34099111.11,6355952.381,2293778.836,97925.87302,9936710.053,2085874.074,2185306.878,58388.42328,273671.4286,172608.9947,106027830.7,4834246.561,2463780.952,38443978.84,2214606.349,34312835.98,1697822.222,972583.4921,1597050.794,33596984.13,1026600.317,182279.7884,1120131.217,228546031.7,1498482.54,1151176.72,10178625.4,503693.6508,389381.164,665543.4921,400890.0529,499940.6349,2412888.889,1132165.079,780162.5397,2060324.868,3145321.693,288081.2698,3924629.63,408470.8995,148468677.2,2616761.905,1938410.582,1464549.206,139177883.6,19814888.89,27784158.73,434624.4444,1131050.794,378842.0106,8455382.011,64734.15873,3669851.852,2865965.079,948148.5714,22652.8254,1127264.55,1127367.196,1728949.206,14839.18519,165836.2963,1466365.079,174382963,927514.0741,192224.4444,1284053.968,394312.9101,131012063.5,22445947.09,1819464.55,825550.4762,1202178.836,108575.9788,163729629.6,6433503.704,2844632.804,50114.5291,6358571.429,316384761.9,278913545,4031488.889,2136469.841,28363333.33,306114.1799,15118.5291,491551.2169,534513.545,1377560.847,13883481.48,5234702.646,385082.7513,1532733.333,454244.9735,164833.0159,76240719.58,3434682.54,720415.4497,95455830.69,92568.63492,5564790.476,5500355.556,69653.59788,194309.1005,6349394.709,269546.1376,351939.1534,317837.1429,9689772.487,2081038.095,639086.8783,3434694.18,13883481.48,6329408.466,15074582.01,8415089.947,3452410.582,10155800,104413.3757,7161235.979,104463.2275,90809555.56,1291830.688,175854.4974,61668719.58,8096343.915
r2-7W,RW,380888.5628,120096.4575,877221.4575,820655.668,412917.3077,23381427.13,3049235.83,1419782.389,16623.28947,4242652.834,357653.0364,1689483.806,16292.22672,188052.6316,116772.5709,98248714.57,1197065.789,1146977.733,17634807.69,1311114.372,10454493.93,1138019.231,427719.4332,939843.0162,7284414.98,567231.0729,54859.65587,216934.7166,172949595.1,872475.8097,28624.77733,5647664.98,440892.6113,34168.48178,43023.54251,21949.81781,136623.9879,799047.9757,418054.5547,406161.2348,1038481.781,949415.8907,65741.48785,867773.9879,174256.4777,144063360.3,1824948.381,674509.8178,962307.996,113860121.5,462562.753,28403734.82,343856.2753,500676.0121,245282.8947,400090.7895,66930.4251,609784.5142,365581.6802,311714.4737,8496.808704,21399.27126,419680.5668,1811529.352,12292.32794,98660.62753,715362.247,159598481.8,611857.3887,75449.03846,488458.7045,236230.3644,123507894.7,12871032.39,1596533.401,198025.8097,207613.7652,88343.57287,143067408.9,2279772.267,1180165.992,20080.76923,2770456.478,324060526.3,290015182.2,1978315.789,1660781.377,12603056.68,143893.5223,66984.69636,175930.5668,164553.1377,8847.044534,4817054.656,1638431.174,212358.4008,61305.02024,130892.5101,120056.5789,66401973.68,1103147.773,541674.3927,33511285.43,30749.92915,5537344.13,1457302.632,19733.13765,109621.1538,5862841.093,250991.498,100926.4069,426675.2024,564295.9514,836521.0526,549752.834,740834.7166,4817054.656,2227921.053,21585860.32,2670233.806,1098731.781,1019159.919,82411.47773,1491712.551,37383.87652,65991771.26,249785.4251,79560.05061,61731376.52,8009036.437
r3-2W,RW,786326.3726,140066.6067,1688234.923,867167.2367,306640.9541,15279198.92,3300776.778,1323379.838,19159.28893,9223879.388,1630054.905,1360214.221,26630.22502,180447.0747,193211.7012,92432943.29,2922776.778,816774.5275,9761017.102,1399410.441,34532844.28,1473158.416,1074997.3,1717527.453,22432079.21,779740.8641,184304.0504,771418.6319,166416561.7,595120.432,1527159.316,5713004.5,766170.477,64863.48335,180066.7867,23018.86589,388831.9532,2286108.911,150019.3519,459042.8443,1899592.259,1951789.379,27754.9685,2184814.581,193463.3663,124159405.9,1178370.837,1449493.249,608544.6445,118043114.3,11985931.59,26204590.46,415937.6238,853028.6229,425254.2754,697127.0927,29181.10711,3798055.806,1032471.647,286372.0972,12956.53465,29016.25563,1635471.647,199677.4977,10882.06121,72844.50945,536249.3249,133667866.8,705521.5122,74114.30243,431659.3159,247493.1593,112591089.1,19803456.35,1322843.384,981135.0135,357493.6994,93702.9703,123226372.6,3350410.441,1662128.713,46438.88389,29128.27183,264932943.3,245140234,1672133.213,1695556.256,18239540.95,290360.9361,27293.54635,852221.5122,325398.9199,752967.1467,9371143.114,5399493.249,346325.1125,1085639.964,117017.0117,121855.2655,59578361.84,1802813.681,548579.748,36545274.53,49660.55806,674846.3546,6209996.4,21748.75788,83543.15032,4485665.167,170475.1575,201513.7714,477783.4383,3892598.56,1053591.359,470633.9334,856681.9082,9371143.114,3652938.794,13573096.31,4002486.049,1796590.459,1841221.422,37121.9802,1728118.812,67458.35284,33221566.16,285949.3249,86842.41224,50809927.99,4327513.051
r4-7W,RW,452122.5338,137016.1509,1200571.567,836888.3946,364079.7872,16311489.36,673139.8453,1126231.141,23874.08124,10467553.19,1673008.704,1575279.497,30629.0619,216607.3501,121061.7988,97802127.66,3129209.865,947228.9168,18153878.14,1544470.986,27359477.76,1394047.389,988918.7621,1929839.458,8289734.043,709215.087,118030.3675,696518.0851,194621179.9,650383.559,608822.824,9756566.731,791825.4352,70554.52611,67746.32495,23795.14507,156440.619,1050017.408,253253.7718,434642.0696,1122937.137,2016676.983,117207.4468,1952315.28,219215.764,132426595.7,1542997.099,1282712.766,1113588.975,125127853,8969478.723,23973355.9,433296.7118,597001.5474,171484.0426,727304.2553,31610.56093,2318856.867,1125853.965,310318.1818,11294.39072,28762.23404,1285707.93,1848527.079,14990.33849,92875.91876,649783.6557,149441392.6,629235.5899,64866.97292,387854.7389,240480.1741,116585783.4,18914400.39,1405044.487,1000333.656,251296.6151,104213.5397,153715377.2,3078407.157,1959190.522,26205.02901,4727883.946,309149129.6,281036170.2,3043347.195,1891127.66,16189003.87,154038.1044,43850.19342,258727.4662,294639.4584,597893.3269,9314018.375,4970814.313,373136.2669,825151.2573,127986.2669,126270.8897,71400125.73,1256555.126,531009.5745,34088607.35,44008.23985,7827425.532,4016940.039,25588.58801,66143.3559,6438051.257,194772.0503,146193.7137,66985.4352,581667.4081,1269677.95,605355.5126,684511.0251,9375204.062,3315970.019,15864284.33,3802966.151,1248293.037,1978605.416,30769.16828,1676058.994,29868.67505,39721740.81,289755.4159,84668.05609,59766856.87,9386287.234
r5-6W,RW,589744.9838,151688.4574,2133673.139,1387568.501,495291.5858,25271553.4,3371180.151,1565434.736,32762.06041,6395154.261,2151789.644,2057686.084,43817.21683,223342.5027,93739.12621,106520830.6,2106878.101,1464537.217,24622891.05,1823418.554,9672618.123,9657864.078,345410.2481,550508.5221,13600183.39,1392509.169,112011.7584,878122.3301,218011003.2,1285675.297,220304.8544,12524142.39,972828.479,80753.48436,98002.51348,244447.6807,275283.0636,2066084.142,765544.6602,610707.2276,2093683.927,2525658.037,563797.3031,2087938.511,861322.3301,152030960.1,2319982.74,1756956.85,2277647.249,151709385.1,14405717.37,28388910.46,484434.0885,818217.26,459520.9277,1458827.4,20977.50809,1952689.32,1187647.249,479092.0173,9165.648328,37144.13161,705841.3161,2036750.809,14800.26969,100959.6656,757014.5631,168524811.2,729706.041,95313.77562,667100.2157,292214.8867,133315318.2,28303300.97,1946283.711,1623515.642,413835.1672,124699.3528,159997950.4,4857655.879,3134233.01,65646.1165,6629464.941,338780043.1,304877562,3125554.477,2008011.866,18452524.27,301305.3937,104613.7109,309806.5804,388365.2643,996291.9094,8945771.305,2928719.525,279468.1769,977525.2427,346722.7616,158483.8188,75931262.14,2393279.396,631877.9935,44243430.42,71796.33225,9465898.598,2535032.362,37073.95901,151429.0183,4777721.683,261021.6828,538748.7594,79365.90076,5159652.643,1404991.37,627370.4423,1365368.932,8989100.324,5196775.62,16622459.55,5930707.659,2402583.603,2757334.412,36058.16613,1995608.414,74157.93959,71063754.05,328489.8598,108565.6958,65610420.71,10158239.48
r6-6W,RW,364269.8462,125425.7436,647409.7436,693117.9487,418512.6154,19706297.44,3752604.103,1620998.974,26938.92308,4822909.744,1740427.692,1510083.077,11785.48718,241488.8205,101677.5179,98148215.38,1474082.051,335200.5128,13059015.38,1368182.564,10380615.38,1081400,425284.3077,826496.5128,3992197.949,629044.5128,94914.24615,630534.0513,100647446.2,711004,58223.50769,6975222.564,465058.1538,33419.7641,243694.0513,30084.44103,208983.6923,1565178.462,603646.5641,419178.8718,614663.6923,1469056.41,55397.90769,758951.5897,572559.5897,141907179.5,1631791.795,953852.1026,1590609.231,127526564.1,6733416.41,27440687.18,403291.0769,241919.8974,188076,304177.9487,15872.43077,876570.359,275905.5385,327724.3077,8219.186667,26663.81538,417524.4103,1191396.923,15630.53333,66190.75897,460686.8718,143793128.2,618524.2051,64475.97949,365416.2051,275881.8462,124779897.4,19300943.59,1249147.692,150492.4103,323805.9487,98767.27179,140903179.5,2756428.718,1599442.051,40222.05128,3487955.897,315525230.8,291404717.9,2078251.282,1656254.359,11086102.56,82631.34359,142156.9231,613016.2051,162728.1026,511960.3077,5149433.846,1989271.795,182847.1795,786317.3333,164300,114809.4359,64732133.33,962681.7436,502318.5641,36037138.46,14770.66667,7307150.769,1546343.59,12393.95897,90114.37949,5350003.077,223862.6667,327503.0769,64305.98974,1590803.077,410538.7692,893377.7436,325487.6923,5149433.846,1694991.795,21850892.31,2828322.051,957840.6154,1277139.487,55446.02051,1502674.872,49723.67179,55297415.38,258313.9487,84204.47179,58514400,8984686.154
